<?xml version="1.0" encoding="UTF-8"?>
<project-private xmlns="http://www.netbeans.org/ns/project-private/1">
    <editor-bookmarks xmlns="http://www.netbeans.org/ns/editor-bookmarks/2" lastBookmarkId="0"/>
    <open-files xmlns="http://www.netbeans.org/ns/projectui-open-files/2">
        <group>
            <file>file:/C:/Users/User/Documents/NetBeansProjects/DSAADT/src/boundry/DonorMaintenanceUI.java</file>
            <file>file:/C:/Users/User/Documents/NetBeansProjects/DSAADT/src/entity/Donation.java</file>
            <file>file:/C:/Users/User/Documents/NetBeansProjects/DSAADT/src/utility/MessageUI.java</file>
            <file>file:/C:/Users/User/Documents/NetBeansProjects/DSAADT/src/control/DonorMaintenance.java</file>
            <file>file:/C:/Users/User/Documents/NetBeansProjects/DSAADT/src/dao/DonationInitializer.java</file>
            <file>file:/C:/Users/User/Documents/NetBeansProjects/DSAADT/src/adt/SortedDoublyLinkedList.java</file>
            <file>file:/C:/Users/User/Documents/NetBeansProjects/DSAADT/src/dao/DonorInitializer.java</file>
            <file>file:/C:/Users/User/Documents/NetBeansProjects/DSAADT/src/entity/Donor.java</file>
        </group>
    </open-files>
</project-private>
